{"cameraMode":{"drawMode":0,"name":"Shaded","section":"Shading Mode"},"sceneLighting":false,"audioPlay":false,"sceneViewState":{"showFog":true,"showMaterialUpdate":false,"showSkybox":false,"showFlares":true,"showImageEffects":true,"showParticleSystems":true},"in2DMode":false,"pivot":{"x":272.30792236328127,"y":19.39568328857422,"z":331.9393310546875},"rotation":{"x":-0.002124753315001726,"y":-0.9871326684951782,"z":0.01273215189576149,"w":-0.15957225859165193},"size":339.501708984375,"orthographic":true}