{"cameraMode":{"drawMode":0,"name":"Shaded","section":"Shading Mode"},"sceneLighting":false,"audioPlay":false,"sceneViewState":{"showFog":true,"showMaterialUpdate":false,"showSkybox":false,"showFlares":true,"showImageEffects":true,"showParticleSystems":true},"in2DMode":false,"pivot":{"x":826.8251953125,"y":31.713623046875,"z":362.3194580078125},"rotation":{"x":0.15464478731155396,"y":-0.706598699092865,"z":0.1628381460905075,"w":0.6710394024848938},"size":8.842939376831055,"orthographic":false}