{"cameraMode":{"drawMode":0,"name":"Shaded","section":"Shading Mode"},"sceneLighting":false,"audioPlay":false,"sceneViewState":{"showFog":true,"showMaterialUpdate":false,"showSkybox":false,"showFlares":true,"showImageEffects":true,"showParticleSystems":true},"in2DMode":false,"pivot":{"x":423.492919921875,"y":3.387515068054199,"z":-417.4456787109375},"rotation":{"x":0.23231925070285798,"y":-0.5347136855125427,"z":0.1557879000902176,"w":0.7973963618278503},"size":25.718923568725587,"orthographic":false}