{"cameraMode":{"drawMode":0,"name":"Shaded","section":"Shading Mode"},"sceneLighting":false,"audioPlay":false,"sceneViewState":{"showFog":true,"showMaterialUpdate":false,"showSkybox":false,"showFlares":true,"showImageEffects":true,"showParticleSystems":true},"in2DMode":false,"pivot":{"x":809.296142578125,"y":25.639389038085939,"z":361.82720947265627},"rotation":{"x":-0.041473522782325748,"y":0.7639018893241882,"z":-0.04934015870094299,"w":-0.642109215259552},"size":30.285476684570314,"orthographic":false}