{"cameraMode":{"drawMode":0,"name":"Shaded","section":"Shading Mode"},"sceneLighting":false,"audioPlay":false,"sceneViewState":{"showFog":true,"showMaterialUpdate":false,"showSkybox":false,"showFlares":true,"showImageEffects":true,"showParticleSystems":true},"in2DMode":false,"pivot":{"x":495.840576171875,"y":-255.54998779296876,"z":369.1282653808594},"rotation":{"x":-0.002124753315001726,"y":-0.9871326684951782,"z":0.01273215189576149,"w":-0.15957225859165193},"size":610.4252319335938,"orthographic":true}