{"cameraMode":{"drawMode":0,"name":"Shaded","section":"Shading Mode"},"sceneLighting":false,"audioPlay":false,"sceneViewState":{"showFog":true,"showMaterialUpdate":false,"showSkybox":false,"showFlares":true,"showImageEffects":true,"showParticleSystems":true},"in2DMode":false,"pivot":{"x":913.83056640625,"y":5.358240127563477,"z":375.003662109375},"rotation":{"x":0.047693438827991489,"y":-0.7054977416992188,"z":0.04769361391663551,"w":0.7054972052574158},"size":15.16942024230957,"orthographic":false}