{"cameraMode":{"drawMode":0,"name":"Shaded","section":"Shading Mode"},"sceneLighting":false,"audioPlay":false,"sceneViewState":{"showFog":true,"showMaterialUpdate":false,"showSkybox":false,"showFlares":true,"showImageEffects":true,"showParticleSystems":true},"in2DMode":false,"pivot":{"x":941.411865234375,"y":13.705860137939454,"z":377.9075927734375},"rotation":{"x":-0.025179147720336915,"y":-0.9105125665664673,"z":0.0560673289000988,"w":-0.4089074730873108},"size":9.07183837890625,"orthographic":false}