{"cameraMode":{"drawMode":0,"name":"Shaded","section":"Shading Mode"},"sceneLighting":false,"audioPlay":false,"sceneViewState":{"showFog":true,"showMaterialUpdate":false,"showSkybox":false,"showFlares":true,"showImageEffects":true,"showParticleSystems":true},"in2DMode":false,"pivot":{"x":282.67999267578127,"y":32.099998474121097,"z":620.0999755859375},"rotation":{"x":-0.017883839085698129,"y":0.9819493889808655,"z":-0.1417969912290573,"w":-0.12402795255184174},"size":4.494201183319092,"orthographic":true}