{"cameraMode":{"drawMode":0,"name":"Shaded","section":"Shading Mode"},"sceneLighting":false,"audioPlay":false,"sceneViewState":{"showFog":true,"showMaterialUpdate":false,"showSkybox":false,"showFlares":true,"showImageEffects":true,"showParticleSystems":true},"in2DMode":false,"pivot":{"x":8.469399452209473,"y":20.371536254882814,"z":66.38531494140625},"rotation":{"x":0.0073218513280153278,"y":0.9925740957260132,"z":-0.07758565247058869,"w":0.09350739419460297},"size":1.9359002113342286,"orthographic":false}