{"cameraMode":{"drawMode":0,"name":"Shaded","section":"Shading Mode"},"sceneLighting":true,"audioPlay":false,"sceneViewState":{"showFog":true,"showMaterialUpdate":false,"showSkybox":true,"showFlares":true,"showImageEffects":true,"showParticleSystems":true},"in2DMode":false,"pivot":{"x":-93.08636474609375,"y":-420.25628662109377,"z":1197.734130859375},"rotation":{"x":0.14527812600135804,"y":-0.39258453249931338,"z":0.06295273452997208,"w":0.9059880971908569},"size":749.7493896484375,"orthographic":false}