{"cameraMode":{"drawMode":0,"name":"Shaded","section":"Shading Mode"},"sceneLighting":false,"audioPlay":false,"sceneViewState":{"showFog":true,"showMaterialUpdate":false,"showSkybox":false,"showFlares":true,"showImageEffects":true,"showParticleSystems":true},"in2DMode":false,"pivot":{"x":945.5671997070313,"y":5.808921813964844,"z":384.052490234375},"rotation":{"x":-0.025179147720336915,"y":-0.9105125665664673,"z":0.0560673289000988,"w":-0.4089074730873108},"size":19.190811157226564,"orthographic":false}