{"cameraMode":{"drawMode":0,"name":"Shaded","section":"Shading Mode"},"sceneLighting":false,"audioPlay":false,"sceneViewState":{"showFog":true,"showMaterialUpdate":false,"showSkybox":false,"showFlares":true,"showImageEffects":true,"showParticleSystems":true},"in2DMode":false,"pivot":{"x":889.8552856445313,"y":7.602373123168945,"z":434.2073974609375},"rotation":{"x":0.01780228316783905,"y":-0.8044751882553101,"z":0.024141473695635797,"w":0.5932320952415466},"size":15.104545593261719,"orthographic":false}