{"cameraMode":{"drawMode":0,"name":"Shaded","section":"Shading Mode"},"sceneLighting":true,"audioPlay":false,"sceneViewState":{"showFog":true,"showMaterialUpdate":false,"showSkybox":true,"showFlares":true,"showImageEffects":true,"showParticleSystems":true},"in2DMode":false,"pivot":{"x":345.01568603515627,"y":-18.50507354736328,"z":580.1787109375},"rotation":{"x":-0.19112862646579743,"y":-0.8013902902603149,"z":0.3350500166416168,"w":-0.45715293288230898},"size":179.35549926757813,"orthographic":false}