{"cameraMode":{"drawMode":0,"name":"Shaded","section":"Shading Mode"},"sceneLighting":false,"audioPlay":false,"sceneViewState":{"showFog":true,"showMaterialUpdate":false,"showSkybox":false,"showFlares":true,"showImageEffects":true,"showParticleSystems":true},"in2DMode":false,"pivot":{"x":917.3054809570313,"y":9.889978408813477,"z":459.83612060546877},"rotation":{"x":0.014952532947063446,"y":-0.6417229771614075,"z":0.012514966540038586,"w":0.766693115234375},"size":12.21933650970459,"orthographic":false}