{"cameraMode":{"drawMode":0,"name":"Shaded","section":"Shading Mode"},"sceneLighting":true,"audioPlay":false,"sceneViewState":{"showFog":true,"showMaterialUpdate":false,"showSkybox":true,"showFlares":true,"showImageEffects":true,"showParticleSystems":true},"in2DMode":false,"pivot":{"x":722.4727783203125,"y":-49.67237091064453,"z":348.1494445800781},"rotation":{"x":0.23231925070285798,"y":-0.5347136855125427,"z":0.1557879000902176,"w":0.7973963618278503},"size":101.61847686767578,"orthographic":false}